{
    "dionice": [
        {
            "Izdavatelj": "3. MAJ Brodogradilište dioničko društvo",
            "ISIN": "HR3MAJRA0002",
            "BrojIzdanih": "1.462.140",
            "Nominala": "100,00 "
        },
        {
            "Izdavatelj": "Adriatic Croatia International club d. d.",
            "ISIN": "HRACI0RA0000",
            "BrojIzdanih": "111.060",
            "Nominala": "3.600,00"
        },
        {
            "Izdavatelj": "Atlantic Grupa d.d.",
            "ISIN": "HRATGRRA0003",
            "BrojIzdanih": "3.334.300",
            "Nominala": "40,00"
        },
        {
            "Izdavatelj": "Excelsa nekretnine d.d.",
            "ISIN": "HRATLNRA0000",
            "BrojIzdanih": "3.335.801",
            "Nominala": "20,00"
        },
        {
            "Izdavatelj": "Brionka d.d.",
            "ISIN": "HRBRNKRA0002",
            "BrojIzdanih": "132.410",
            "Nominala": "380,00"
        },
        {
            "Izdavatelj": "Croatia osiguranje d.d.",
            "ISIN": "HRCROSPA0004",
            "BrojIzdanih": "8.750",
            "Nominala": "1.400,00"
        },
        {
            "Izdavatelj": "Dalekovod d.d.",
            "ISIN": "HRDLKVRA0006",
            "BrojIzdanih": "24.719.305",
            "Nominala": "10,00"
        },
        {
            "Izdavatelj": "Hoteli Makarska. dioničko društvo",
            "ISIN": "HRHMAMRA0004",
            "BrojIzdanih": "1.119.470",
            "Nominala": "200,00"
        },
        {
            "Izdavatelj": "Hrvatski Telekom d.d.",
            "ISIN": "HRHT00RA0005",
            "BrojIzdanih": "81.888.535",
            "Nominala": "50,00"
        },
        {
            "Izdavatelj": "INA-industrija nafte d.d.",
            "ISIN": "HRINA0RA0007",
            "BrojIzdanih": "10.000.000",
            "Nominala": "900,00"
        },
        {
            "Izdavatelj": "Jadransko osiguranje d.d.",
            "ISIN": "HRJDOSRA0001",
            "BrojIzdanih": "125.000",
            "Nominala": "400,00"
        }
    ]
} 